Generation,BestGen,BestEver,AvgFitness,EliteIndex
0,7.700,7.700,-304.618,4
1,1.700,7.700,-327.680,43
2,2.300,7.700,-245.109,28
3,2.500,7.700,-222.750,16
4,22.100,22.100,-192.757,5
5,4.700,22.100,-143.604,44
6,2.300,22.100,-185.561,31
7,6.900,22.100,-142.741,50
8,5.700,22.100,-175.818,36
9,3.400,22.100,-146.000,26
10,6.300,22.100,-188.405,50
11,4.400,22.100,-91.795,14
12,5.400,22.100,-182.573,23
13,3.200,22.100,-85.804,36
14,8.100,22.100,-153.064,23
15,3.300,22.100,-115.595,32
16,4.400,22.100,-132.893,32
17,5.600,22.100,-157.545,55
18,3.900,22.100,-147.488,26
19,2.400,22.100,-169.100,34
20,4.500,22.100,-91.995,22
21,8.100,22.100,-191.805,0
22,22.100,22.100,-158.345,10
23,2.400,22.100,-73.096,6
24,11.800,22.100,-152.439,55
25,415.400,415.400,-153.189,10
26,2.300,415.400,-117.211,3
27,4.400,415.400,-120.773,35
28,8.500,415.400,-73.532,19
29,5.500,415.400,-7.959,51
30,7.900,415.400,-108.284,23
31,9.200,415.400,-39.377,6
32,6.900,415.400,-134.721,53
33,73.900,415.400,-55.489,19
34,7.900,415.400,-54.470,52
35,4.500,415.400,-107.084,35
36,5.100,415.400,-97.927,29
37,4.500,415.400,-67.850,51
38,2.400,415.400,-96.939,41
39,8.000,415.400,-115.263,40
40,2.500,415.400,-98.914,44
41,4.200,415.400,-69.750,3
42,4.200,415.400,-118.580,35
43,2.400,415.400,-83.984,25
44,6.700,415.400,-55.150,18
45,4.000,415.400,-80.025,53
46,3.100,415.400,-181.252,34
47,24.500,415.400,-99.436,26
48,5.000,415.400,-111.577,25
49,4.800,415.400,-64.295,7
50,7.000,415.400,-98.200,27
51,6.900,415.400,-64.936,0
52,4.300,415.400,-127.484,26
53,7.100,415.400,-58.600,45
54,2.400,415.400,-56.350,43
55,5.600,415.400,-134.057,39
56,7.700,415.400,-22.936,28
57,4.900,415.400,-61.880,20
58,142.600,415.400,-112.136,33
59,14.600,415.400,-101.496,2
60,114.000,415.400,-50.627,49
61,2.000,415.400,-149.532,21
62,2.100,415.400,-128.813,40
63,4.800,415.400,-188.589,43
64,8.000,415.400,-135.538,18
65,4.200,415.400,-170.725,40
66,3.900,415.400,-125.300,8
67,3.200,415.400,-108.898,44
68,3.900,415.400,-127.652,9
69,3.500,415.400,-149.568,13
70,4.800,415.400,-180.511,50
71,9.400,415.400,-158.043,40
72,3.300,415.400,-192.591,30
73,4.800,415.400,-110.725,1
74,265.600,415.400,-134.902,12
75,2.500,415.400,-188.834,36
76,306.100,415.400,-131.966,15
77,3.900,415.400,-73.129,35
78,6.100,415.400,-92.052,41
79,4.900,415.400,-75.846,51
80,8.600,415.400,-99.511,9
81,8.300,415.400,-88.264,0
82,92.900,415.400,-142.468,30
83,4.500,415.400,-111.088,48
84,5.300,415.400,-105.075,13
85,3.000,415.400,-147.847,55
86,126.500,415.400,-65.946,46
87,7.800,415.400,-61.150,53
88,8.000,415.400,-84.632,11
89,31.800,415.400,-113.866,25
90,8.500,415.400,-91.079,9
91,6.900,415.400,-139.264,50
92,4.900,415.400,-103.696,39
93,3.900,415.400,-109.809,46
94,8.800,415.400,-96.177,37
95,4.900,415.400,-127.371,35
96,8.000,415.400,-83.070,28
97,3.200,415.400,-139.171,6
98,7.600,415.400,-85.705,22
99,3.200,415.400,-81.200,12
100,2.400,415.400,-119.779,1
101,4.700,415.400,-147.134,42
102,8.000,415.400,-56.104,25
103,4.400,415.400,-85.380,31
104,8.700,415.400,-75.832,11
105,9.000,415.400,-65.116,7
106,5.700,415.400,-115.066,13
107,3.000,415.400,-95.548,55
108,61.600,415.400,-77.329,41
109,7.100,415.400,-98.271,5
110,14.400,415.400,-97.702,25
111,2.500,415.400,-112.768,1
112,3.200,415.400,-148.961,20
113,7.200,415.400,-146.625,11
114,47.300,415.400,-189.975,27
115,8.800,415.400,-60.470,25
116,6.100,415.400,-56.443,4
117,1.900,415.400,-126.846,26
118,8.900,415.400,-147.866,46
119,5.500,415.400,-116.909,16
120,2.300,415.400,-87.295,2
121,8.200,415.400,-138.543,2
122,5.500,415.400,-106.675,26
123,2.800,415.400,-148.900,0
124,8.500,415.400,-53.382,3
125,33.600,415.400,-147.111,2
126,4.700,415.400,-153.238,5
127,7.800,415.400,-90.973,23
128,2.300,415.400,-109.211,7
129,2.700,415.400,-126.234,8
130,2.400,415.400,-138.193,16
131,4.700,415.400,-85.675,1
132,4.700,415.400,-74.734,36
133,172.200,415.400,-149.768,20
134,7.400,415.400,-33.134,26
135,60.500,415.400,-95.230,30
136,2.700,415.400,-79.295,7
137,4.500,415.400,-122.475,20
138,8.100,415.400,-73.246,1
139,9.000,415.400,-68.332,15
140,4.600,415.400,-74.829,52
141,41.900,415.400,-95.263,25
142,2.600,415.400,-90.964,38
143,4.800,415.400,-145.807,17
144,4.800,415.400,-85.318,50
145,7.800,415.400,-118.598,29
146,9.000,415.400,-90.261,54
147,6.900,415.400,-99.864,43
148,2.100,415.400,-187.636,1
149,5.800,415.400,-59.902,19
150,42.400,415.400,-86.434,41
151,4.700,415.400,-159.441,31
152,4.800,415.400,-139.705,53
153,7.300,415.400,-97.616,40
154,6.600,415.400,-135.052,43
155,2.400,415.400,-164.798,27
156,3.300,415.400,-150.973,17
157,4.700,415.400,-198.789,4
158,2.900,415.400,-109.986,14
159,8.400,415.400,-73.005,46
160,4.600,415.400,-121.400,49
161,2.700,415.400,-118.782,2
162,8.500,415.400,-122.729,4
163,2.300,415.400,-139.445,16
164,41.200,415.400,-128.570,7
165,1.900,415.400,-174.625,29
166,2.400,415.400,-140.995,52
167,3.000,415.400,-111.470,7
168,6.600,415.400,-128.332,0
169,3.600,415.400,-57.782,34
170,3.100,415.400,-115.102,31
171,4.500,415.400,-111.430,6
172,2.200,415.400,-148.289,1
173,2.100,415.400,-201.048,48
174,102.700,415.400,-109.904,28
175,4.300,415.400,-127.977,55
176,2.300,415.400,-113.061,47
177,3.100,415.400,-126.723,21
178,8.400,415.400,-172.371,17
179,6.500,415.400,-150.180,40
180,6.500,415.400,-116.621,39
181,4.400,415.400,-131.514,43
182,4.400,415.400,-142.097,5
183,7.300,415.400,-167.539,46
184,4.200,415.400,-154.879,13
185,3.600,415.400,-66.493,36
186,2.800,415.400,-144.082,11
187,6.600,415.400,-193.264,15
188,21.900,415.400,-58.614,45
189,4.300,415.400,-140.689,20
190,8.800,415.400,-192.941,5
191,95.400,415.400,-125.918,39
192,8.000,415.400,-134.088,12
193,7.500,415.400,-141.664,4
194,7.500,415.400,-96.879,14
195,8.600,415.400,-134.955,8
196,7.600,415.400,-67.384,34
197,6.200,415.400,-22.521,51
198,5.300,415.400,-135.266,35
199,2.300,415.400,-150.330,7
200,7.100,415.400,-165.446,25
201,3.000,415.400,-180.234,39
202,2.300,415.400,-167.620,55
203,2.200,415.400,-191.179,54
204,3.300,415.400,-113.025,8
205,395.600,415.400,-96.132,24
206,2.200,415.400,-181.327,14
207,1.900,415.400,-132.679,11
208,4.100,415.400,-103.007,54
209,47.600,415.400,-38.945,9
210,7.500,415.400,-110.291,18
211,4.300,415.400,-86.064,47
212,3.200,415.400,-167.695,16
213,4.900,415.400,-161.823,14
214,2.400,415.400,-194.464,36
215,153.000,415.400,-171.634,42
216,3.200,415.400,-99.645,20
217,2.200,415.400,-214.191,26
218,3.900,415.400,-173.173,22
219,3.000,415.400,-160.964,0
220,3.500,415.400,-129.698,14
221,8.700,415.400,-119.200,51
222,6.500,415.400,-93.263,13
223,8.000,415.400,-148.636,25
224,44.100,415.400,-126.884,11
225,7.000,415.400,-126.757,36
226,3.300,415.400,-110.132,8
227,7.800,415.400,-155.179,31
228,4.500,415.400,-100.273,55
229,4.800,415.400,-100.130,30
230,9.100,415.400,-104.786,41
231,3.200,415.400,-71.279,48
232,196.700,415.400,-55.239,33
233,4.200,415.400,-100.823,34
234,2.100,415.400,-137.921,17
235,6.100,415.400,-175.859,51
236,2.700,415.400,-99.509,12
237,2.700,415.400,-88.970,24
238,3.400,415.400,-142.013,2
239,4.300,415.400,-136.086,3
240,4.900,415.400,-40.700,8
241,3.200,415.400,-84.066,15
242,6.000,415.400,-106.488,30
243,7.900,415.400,-79.016,46
244,4.900,415.400,-57.043,28
245,2.700,415.400,-121.664,15
246,8.000,415.400,-107.457,13
247,8.600,415.400,-76.879,18
248,7.900,415.400,-56.975,13
249,26.800,415.400,-71.757,23
250,3.600,415.400,-67.932,13
251,5.600,415.400,-73.796,44
252,4.600,415.400,-80.520,13
253,3.300,415.400,-105.309,1
254,2.400,415.400,-150.439,21
255,3.400,415.400,-169.470,54
256,8.500,415.400,-150.514,6
257,2.600,415.400,-96.546,36
258,2.300,415.400,-245.154,15
259,3.700,415.400,-98.416,12
260,2.000,415.400,-166.723,2
261,7.400,415.400,-129.916,12
262,3.000,415.400,-111.804,2
263,6.900,415.400,-78.043,8
264,4.400,415.400,-151.413,10
265,5.400,415.400,-83.546,40
266,2.300,415.400,-65.154,20
267,3.200,415.400,-99.754,51
268,8.500,415.400,-84.580,28
269,3.200,415.400,-96.625,2
270,6.100,415.400,-39.866,43
271,26.900,415.400,-79.782,50
272,8.300,415.400,-92.429,10
273,26.000,415.400,-55.293,17
274,8.800,415.400,-106.780,23
275,8.700,415.400,-82.125,13
276,9.000,415.400,-31.195,10
277,7.000,415.400,-54.302,23
278,3.800,415.400,-50.016,38
279,9.400,415.400,-25.575,39
280,12.900,415.400,-66.952,29
281,31.100,415.400,-55.652,3
282,2.500,415.400,-48.738,42
283,4.000,415.400,-111.559,26
284,4.500,415.400,-94.109,37
285,2.400,415.400,-148.898,26
286,8.000,415.400,-104.241,0
287,11.100,415.400,-88.323,27
288,5.600,415.400,-133.284,33
289,167.500,415.400,-140.888,11
290,2.400,415.400,-128.123,14
291,5.100,415.400,-97.955,26
292,2.200,415.400,-160.382,33
293,4.900,415.400,-91.650,1
294,4.600,415.400,-136.639,3
295,8.900,415.400,-125.116,14
296,7.500,415.400,-150.679,9
297,4.800,415.400,-116.054,8
298,5.600,415.400,-41.313,2
299,32.800,415.400,-97.025,46
300,7.000,415.400,-135.123,10
301,5.900,415.400,-122.005,50
302,3.300,415.400,-74.334,54
303,5.300,415.400,-110.071,18
304,71.400,415.400,-93.829,43
305,2.800,415.400,-179.775,50
306,4.600,415.400,-97.186,16
307,4.800,415.400,-127.216,39
308,2.200,415.400,-146.368,33
309,3.400,415.400,-129.702,11
310,8.000,415.400,-107.559,19
311,2.300,415.400,-189.198,17
312,7.000,415.400,-180.113,41
313,44.000,415.400,-154.318,36
314,2.500,415.400,-113.136,44
315,62.100,415.400,-89.659,40
316,4.100,415.400,-95.780,10
317,3.100,415.400,-174.338,50
318,2.200,415.400,-92.936,15
319,4.100,415.400,-82.491,8
320,51.100,415.400,-131.861,19
321,24.900,415.400,-101.480,51
322,6.600,415.400,-111.146,52
323,3.900,415.400,-97.914,12
324,142.800,415.400,-83.914,17
325,5.000,415.400,-143.470,8
326,4.300,415.400,-100.909,29
327,7.500,415.400,-90.591,18
328,7.000,415.400,-65.754,30
329,6.100,415.400,-93.961,26
330,4.200,415.400,-130.480,20
331,4.000,415.400,-62.529,42
332,152.700,415.400,-63.045,35
333,3.100,415.400,-110.725,11
334,8.700,415.400,-128.220,8
335,8.000,415.400,-162.073,14
336,6.800,415.400,-90.875,38
337,4.700,415.400,-126.029,48
338,12.900,415.400,-175.493,42
339,2.400,415.400,-90.073,2
340,34.300,415.400,-113.618,33
341,2.900,415.400,-67.102,40
342,8.100,415.400,-159.686,38
343,7.100,415.400,-80.257,41
344,1.500,415.400,-180.113,12
345,4.600,415.400,-152.304,51
346,117.100,415.400,-61.382,28
347,105.000,415.400,-100.639,45
348,5.700,415.400,-91.716,22
349,10.500,415.400,-110.661,52
350,4.800,415.400,-130.095,14
351,5.300,415.400,-187.075,33
352,4.600,415.400,-101.507,1
353,3.100,415.400,-83.948,15
354,4.900,415.400,-100.011,32
355,7.200,415.400,-94.346,4
356,12.600,415.400,-76.504,50
357,2.300,415.400,-182.616,13
358,3.000,415.400,-136.627,49
359,4.500,415.400,-178.961,21
360,2.200,415.400,-186.154,29
361,87.900,415.400,-93.816,6
362,7.500,415.400,-172.243,21
363,13.200,415.400,-178.813,27
364,395.300,415.400,-96.166,33
365,32.500,415.400,-69.850,37
366,4.700,415.400,-140.346,53
367,53.300,415.400,-150.916,48
368,1.200,415.400,-184.218,46
369,3.200,415.400,-302.204,40
370,2.900,415.400,-218.723,39
371,4.800,415.400,-133.014,25
372,2.000,415.400,-113.146,28
373,4.500,415.400,-174.271,23
374,5.000,415.400,-143.620,1
375,6.700,415.400,-112.248,12
376,5.300,415.400,-108.220,0
377,4.800,415.400,-114.377,1
378,184.300,415.400,-70.293,42
379,113.400,415.400,-70.050,28
380,3.000,415.400,-163.182,17
381,2.400,415.400,-142.954,17
382,6.900,415.400,-88.723,2
383,192.700,415.400,-128.861,1
384,2.900,415.400,-140.877,25
385,33.200,415.400,-179.386,28
386,2.900,415.400,-145.516,33
387,2.300,415.400,-207.418,19
388,7.100,415.400,-232.230,38
389,2.400,415.400,-297.168,28
390,136.700,415.400,-157.296,40
391,6.000,415.400,-111.398,36
392,108.100,415.400,-254.225,55
393,11.800,415.400,-163.779,28
394,3.800,415.400,-156.209,38
395,4.100,415.400,-181.571,50
396,4.700,415.400,-103.107,10
397,4.300,415.400,-113.529,50
398,2.300,415.400,-174.982,22
399,17.000,415.400,-193.098,46
400,6.100,415.400,-115.534,53
401,2.600,415.400,-126.348,27
402,5.300,415.400,-125.579,37
403,3.000,415.400,-137.246,9
404,6.600,415.400,-63.868,5
405,2.600,415.400,-105.280,34
406,3.700,415.400,-143.666,50
407,2.800,415.400,-142.982,18
408,7.200,415.400,-109.593,30
409,5.600,415.400,-104.730,38
410,13.900,415.400,-126.388,31
411,7.100,415.400,-89.055,24
412,4.700,415.400,-203.079,0
413,4.500,415.400,-135.679,55
414,4.500,415.400,-60.398,38
415,2.500,415.400,-123.370,28
416,2.500,415.400,-117.471,1
417,6.600,415.400,-64.105,32
418,2.300,415.400,-124.186,32
419,12.800,415.400,-40.591,32
420,7.200,415.400,-87.279,52
421,151.700,415.400,-97.025,15
422,4.600,415.400,-174.134,48
423,6.100,415.400,-167.620,6
424,3.800,415.400,-84.721,42
425,7.800,415.400,-70.404,43
426,2.300,415.400,-139.057,48
427,4.500,415.400,-150.495,19
428,123.700,415.400,-153.986,18
429,8.400,415.400,-140.480,11
430,2.300,415.400,-179.966,40
431,6.500,415.400,-94.214,28
432,7.500,415.400,-48.416,44
433,4.200,415.400,-125.161,29
434,8.500,415.400,-62.082,31
435,42.300,415.400,-126.013,7
436,7.300,415.400,-93.929,47
437,4.600,415.400,-121.221,30
438,3.000,415.400,-96.934,40
439,42.900,415.400,-64.109,25
440,7.400,415.400,-52.880,0
441,5.800,415.400,-86.077,30
442,108.000,415.400,-107.745,4
443,2.800,415.400,-115.627,51
444,4.700,415.400,-69.952,28
445,2.000,415.400,-191.950,20
446,3.500,415.400,-97.355,12
447,6.000,415.400,-125.321,17
448,2.500,415.400,-181.989,49
449,2.100,415.400,-152.475,18
450,3.100,415.400,-182.509,35
451,3.000,415.400,-111.557,27
452,87.200,415.400,-77.675,4
453,4.500,415.400,-157.589,15
454,6.800,415.400,-161.954,16
455,4.400,415.400,-63.391,20
456,27.300,415.400,-145.696,22
457,32.200,415.400,-142.375,4
458,7.900,415.400,-90.291,7
459,4.900,415.400,-159.089,35
460,3.800,415.400,-179.088,43
461,91.000,415.400,-152.125,38
462,4.600,415.400,-123.893,15
463,3.500,415.400,-110.071,6
464,4.000,415.400,-118.130,5
465,3.900,415.400,-83.129,4
466,23.600,415.400,-65.225,4
467,4.100,415.400,-72.614,16
468,7.000,415.400,-158.698,33
469,7.700,415.400,-68.021,14
470,4.800,415.400,-56.541,6
471,4.600,415.400,-102.375,1
472,275.600,415.400,-73.593,10
473,4.500,415.400,-163.284,2
474,96.300,415.400,-133.266,8
475,11.500,415.400,-84.495,10
476,2.400,415.400,-168.502,15
477,2.800,415.400,-111.654,9
478,7.300,415.400,-117.795,37
479,122.900,415.400,-124.620,12
480,2.800,415.400,-104.341,8
481,2.200,415.400,-115.607,38
482,4.100,415.400,-170.430,53
483,2.700,415.400,-117.132,4
484,8.100,415.400,-201.782,5
485,2.200,415.400,-172.555,49
486,117.900,415.400,-115.245,25
487,31.500,415.400,-140.423,18
488,4.900,415.400,-71.448,51
489,1.900,415.400,-129.014,16
490,143.600,415.400,-116.904,2
491,2.400,415.400,-150.938,36
492,3.200,415.400,-82.193,49
493,2.300,415.400,-179.711,10
494,7.300,415.400,-132.154,52
495,3.100,415.400,-142.707,21
496,102.700,415.400,-78.857,2
497,6.400,415.400,-92.996,14
498,2.300,415.400,-109.596,45
499,3.000,415.400,-118.355,11
500,7.300,415.400,-79.882,52
501,3.600,415.400,-150.546,30
502,3.000,415.400,-85.836,18
503,3.600,415.400,-114.614,33
504,2.200,415.400,-126.755,2
505,2.300,415.400,-76.850,24
506,3.100,415.400,-134.629,29
507,58.600,415.400,-108.486,23
508,8.000,415.400,-68.643,7
509,7.500,415.400,-46.204,0
510,3.100,415.400,-157.343,43
511,4.000,415.400,-168.996,24
512,3.000,415.400,-95.446,24
513,3.000,415.400,-110.164,12
514,121.100,415.400,-81.079,1
515,2.200,415.400,-178.109,23
516,4.700,415.400,-150.911,22
517,6.700,415.400,-89.768,26
518,5.300,415.400,-92.589,26
519,4.300,415.400,-62.475,38
520,3.700,415.400,-89.605,18
521,2.900,415.400,-71.980,0
522,8.100,415.400,-83.170,7
523,43.900,415.400,-144.664,20
524,5.500,415.400,-244.304,4
525,124.400,415.400,-189.771,10
526,2.100,415.400,-185.029,7
527,2.600,415.400,-208.150,14
528,4.700,415.400,-146.343,2
529,5.800,415.400,-194.461,49
530,3.200,415.400,-86.727,55
531,1.900,415.400,-133.459,44
532,3.200,415.400,-163.495,33
533,7.300,415.400,-170.529,29
534,6.800,415.400,-156.207,54
535,2.300,415.400,-185.595,36
536,8.000,415.400,-113.229,45
537,5.600,415.400,-127.709,44
538,6.200,415.400,-124.482,7
539,4.600,415.400,-76.164,24
540,5.100,415.400,-148.680,50
541,21.900,415.400,-74.382,34
542,41.800,415.400,-88.575,54
543,7.300,415.400,-63.329,36
544,5.500,415.400,-122.259,16
545,4.000,415.400,-93.418,39
546,3.700,415.400,-60.182,8
547,41.300,415.400,-111.998,28
548,5.000,415.400,-73.979,46
549,4.000,415.400,-128.209,23
550,7.700,415.400,-121.379,2
551,7.000,415.400,-46.432,2
552,3.500,415.400,-128.329,50
553,7.300,415.400,-62.413,24
554,4.600,415.400,-37.016,27
555,6.400,415.400,-78.693,39
556,6.700,415.400,-62.388,49
557,3.200,415.400,-78.666,49
558,9.200,415.400,-94.538,31
559,2.700,415.400,-89.461,27
560,6.900,415.400,-62.198,50
561,6.500,415.400,-70.307,23
562,92.400,415.400,-100.773,0
563,172.300,415.400,-134.252,0
564,14.600,415.400,-107.989,26
565,12.300,415.400,-142.711,6
566,2.400,415.400,-147.357,39
567,2.100,415.400,-199.075,33
568,5.900,415.400,-55.964,7
569,2.800,415.400,-146.682,55
570,8.500,415.400,-118.236,19
571,3.400,415.400,-73.357,29
572,9.200,415.400,-33.666,12
573,31.800,415.400,-114.788,39
574,14.400,415.400,-91.025,13
575,12.500,415.400,-61.836,31
576,4.600,415.400,-70.614,6
577,42.200,415.400,-53.989,28
578,4.500,415.400,-74.966,49
579,5.900,415.400,-68.261,29
580,2.300,415.400,-181.414,8
581,6.600,415.400,-55.395,31
582,4.500,415.400,-92.313,6
583,8.600,415.400,-99.964,17
584,6.000,415.400,-99.414,44
585,8.100,415.400,-49.629,1
586,4.200,415.400,-49.848,39
587,3.100,415.400,-41.686,50
588,5.700,415.400,-38.525,55
589,47.500,415.400,-65.696,23
590,4.100,415.400,-67.364,22
591,8.700,415.400,-27.163,34
592,173.600,415.400,-14.830,22
593,266.500,415.400,-17.238,8
594,8.200,415.400,-70.080,37
595,4.000,415.400,-98.770,36
596,31.000,415.400,-154.473,15
597,8.400,415.400,-146.688,51
598,86.200,415.400,-139.848,43
599,2.100,415.400,-206.679,1
600,6.200,415.400,-109.655,25
601,101.800,415.400,-224.721,55
602,2.200,415.400,-229.434,45
603,6.600,415.400,-124.532,1
604,4.800,415.400,-105.702,51
605,18.000,415.400,-92.504,51
606,113.200,415.400,-158.657,54
607,2.100,415.400,-160.664,25
608,7.000,415.400,-70.921,21
609,4.800,415.400,-166.913,22
610,2.400,415.400,-138.638,36
611,6.900,415.400,-104.954,37
612,4.900,415.400,-33.332,55
613,4.700,415.400,-147.796,3
614,3.700,415.400,-163.732,11
615,8.300,415.400,-56.136,14
616,6.300,415.400,-90.284,4
617,4.300,415.400,-81.302,16
618,4.700,415.400,-102.502,4
619,2.400,415.400,-124.764,4
620,6.800,415.400,-161.146,10
621,5.400,415.400,-92.677,21
622,2.600,415.400,-96.377,5
623,4.200,415.400,-88.539,2
624,4.000,415.400,-72.723,48
625,7.700,415.400,-37.596,36
626,3.800,415.400,-62.643,51
627,8.000,415.400,-27.073,19
628,4.000,415.400,-70.413,41
629,7.100,415.400,-79.179,39
630,4.900,415.400,-78.991,32
631,3.800,415.400,-79.993,36
632,6.800,415.400,-97.355,43
633,3.100,415.400,-58.946,55
634,4.400,415.400,-84.129,35
635,4.800,415.400,-156.030,26
636,9.000,415.400,-113.954,50
637,6.100,415.400,-51.752,34
638,94.900,415.400,-138.645,5
639,5.600,415.400,-139.913,16
640,3.800,415.400,-157.698,36
641,3.100,415.400,-190.889,11
642,4.600,415.400,-102.561,6
643,7.600,415.400,-73.016,30
644,5.200,415.400,-144.688,4
645,8.600,415.400,-140.239,48
646,97.400,415.400,-104.291,19
647,4.900,415.400,-117.179,41
648,64.100,415.400,-136.889,54
649,3.200,415.400,-159.673,6
650,2.200,415.400,-122.368,13
651,3.400,415.400,-159.279,21
652,4.500,415.400,-97.464,48
653,2.500,415.400,-213.077,20
654,44.500,415.400,-75.150,12
655,57.700,415.400,-123.336,0
656,6.000,415.400,-212.402,38
657,2.000,415.400,-172.668,29
658,4.600,415.400,-119.161,38
659,1.800,415.400,-168.511,34
660,5.400,415.400,-107.157,27
661,4.700,415.400,-148.030,21
662,4.300,415.400,-138.213,24
663,3.400,415.400,-165.518,25
664,2.100,415.400,-145.020,0
665,3.100,415.400,-245.816,25
666,4.800,415.400,-163.346,20
667,3.600,415.400,-133.180,19
668,2.400,415.400,-122.829,29
669,4.900,415.400,-223.763,34
670,6.400,415.400,-164.780,46
671,7.700,415.400,-91.900,18
672,2.300,415.400,-136.882,28
673,2.800,415.400,-108.005,53
674,8.400,415.400,-131.027,18
675,7.600,415.400,-88.982,37
676,7.600,415.400,-42.805,25
677,7.100,415.400,-83.236,6
678,4.700,415.400,-108.102,0
679,3.900,415.400,-144.811,55
680,3.200,415.400,-196.893,22
681,4.600,415.400,-94.573,39
682,6.600,415.400,-45.229,4
683,345.500,415.400,-92.214,8
684,6.100,415.400,-144.914,49
685,6.700,415.400,-87.064,37
686,8.000,415.400,-88.036,5
687,6.400,415.400,-75.379,3
688,4.900,415.400,-75.430,19
689,5.100,415.400,-70.263,20
690,4.800,415.400,-82.579,1
691,8.100,415.400,-132.448,21
692,4.800,415.400,-118.479,12
693,147.900,415.400,-159.818,26
694,22.100,415.400,-126.771,0
695,5.600,415.400,-101.679,49
696,7.500,415.400,-149.986,2
697,41.100,415.400,-110.886,53
698,4.300,415.400,-171.586,3
699,4.100,415.400,-102.114,11
700,4.500,415.400,-185.570,47
701,5.600,415.400,-116.675,33
702,3.200,415.400,-130.996,33
703,4.300,415.400,-151.939,33
704,7.100,415.400,-84.034,31
705,9.300,415.400,-135.818,55
706,7.900,415.400,-89.225,55
707,4.200,415.400,-42.470,9
708,4.900,415.400,-131.907,18
709,9.100,415.400,-69.512,54
710,3.100,415.400,-120.557,44
711,7.500,415.400,-125.466,11
712,2.500,415.400,-199.048,7
713,8.400,415.400,-54.102,50
714,5.800,415.400,-129.763,8
715,3.600,415.400,-140.527,24
716,7.800,415.400,-168.513,52
717,4.700,415.400,-129.413,21
718,3.100,415.400,-104.655,30
719,4.800,415.400,-69.666,43
720,4.100,415.400,-176.509,55
721,22.100,415.400,-169.973,35
722,5.000,415.400,-135.759,7
723,4.500,415.400,-150.154,55
724,7.000,415.400,-102.784,28
725,3.800,415.400,-94.941,31
726,7.900,415.400,-63.654,28
727,8.500,415.400,-105.793,51
728,21.300,415.400,-89.304,14
729,4.700,415.400,-133.823,30
730,4.400,415.400,-143.993,45
731,4.700,415.400,-65.796,6
732,23.000,415.400,-29.300,6
733,7.100,415.400,-87.961,0
734,12.000,415.400,-78.786,6
735,6.100,415.400,-112.102,45
736,3.200,415.400,-129.418,46
737,5.700,415.400,-67.877,35
738,3.100,415.400,-46.618,48
739,20.400,415.400,-110.214,26
740,4.800,415.400,-100.286,25
741,7.700,415.400,-62.148,13
742,4.900,415.400,-108.741,44
743,8.200,415.400,-48.266,25
744,8.300,415.400,-110.495,45
745,5.400,415.400,-93.770,41
746,48.300,415.400,-66.702,55
747,2.900,415.400,-119.888,21
748,7.200,415.400,-84.479,23
749,4.500,415.400,-91.030,15
750,22.800,415.400,-161.327,5
751,7.500,415.400,-137.636,44
752,2.300,415.400,-159.754,3
753,4.100,415.400,-101.634,48
754,7.600,415.400,-88.771,10
755,5.300,415.400,-96.820,38
756,255.800,415.400,-54.854,28
757,4.800,415.400,-71.734,39
758,2.300,415.400,-203.604,47
759,4.900,415.400,-146.839,42
760,4.900,415.400,-112.434,29
761,3.100,415.400,-162.877,38
762,2.400,415.400,-252.882,21
763,2.700,415.400,-152.250,14
764,4.600,415.400,-88.032,27
765,3.700,415.400,-62.641,47
766,7.200,415.400,-33.705,4
767,8.700,415.400,-109.134,12
768,61.000,415.400,-55.746,38
769,4.000,415.400,-21.666,20
770,6.600,415.400,-7.234,47
771,7.100,415.400,-47.109,46
772,34.000,415.400,-22.793,22
773,8.200,415.400,-39.618,29
774,196.700,415.400,-97.761,24
775,3.200,415.400,-83.257,55
776,5.100,415.400,-70.870,10
777,3.300,415.400,-156.916,17
778,1.900,415.400,-192.059,22
779,4.600,415.400,-142.941,13
780,4.100,415.400,-69.220,22
781,4.700,415.400,-76.537,9
782,7.100,415.400,-98.455,13
783,155.800,415.400,-131.050,47
784,4.900,415.400,-149.723,46
785,3.900,415.400,-155.157,46
786,1.900,415.400,-129.055,19
787,6.100,415.400,-71.341,1
788,2.200,415.400,-119.470,14
789,7.400,415.400,-155.880,44
790,8.400,415.400,-79.902,54
791,14.400,415.400,-157.534,5
792,84.000,415.400,-108.145,0
793,7.200,415.400,-49.116,14
794,7.900,415.400,-144.066,37
795,137.100,415.400,-72.086,40
796,4.000,415.400,-148.425,46
797,2.200,415.400,-89.536,24
798,7.200,415.400,-117.252,34
799,4.600,415.400,-141.836,36
800,2.900,415.400,-203.814,34
801,6.200,415.400,-69.920,27
802,6.000,415.400,-67.359,33
803,4.400,415.400,-134.045,47
804,4.600,415.400,-137.457,23
805,7.200,415.400,-72.729,1
806,8.400,415.400,-86.134,54
807,75.400,415.400,-101.311,46
808,3.200,415.400,-117.441,6
809,7.300,415.400,-105.436,49
810,62.000,415.400,-83.225,40
811,5.300,415.400,-96.320,14
812,13.500,415.400,-120.763,55
813,3.100,415.400,-68.920,14
814,7.300,415.400,-104.186,46
815,4.400,415.400,-102.064,8
816,8.200,415.400,-100.652,2
817,7.500,415.400,-69.132,3
818,9.100,415.400,-50.664,24
819,3.500,415.400,-78.986,34
820,2.900,415.400,-94.061,37
821,6.900,415.400,-111.046,33
822,193.600,415.400,-143.050,42
823,5.700,415.400,-126.309,38
824,4.500,415.400,-59.098,43
825,6.500,415.400,-101.755,47
826,2.200,415.400,-196.289,33
827,6.600,415.400,-211.125,1
828,2.400,415.400,-176.439,4
829,226.500,415.400,-107.438,50
830,3.100,415.400,-127.498,1
831,3.600,415.400,-152.016,8
832,4.300,415.400,-111.505,2
833,3.700,415.400,-113.259,7
834,121.000,415.400,-122.050,43
835,3.200,415.400,-96.070,43
836,112.700,415.400,-35.589,23
837,62.100,415.400,-74.143,0
838,3.800,415.400,-162.530,9
839,2.000,415.400,-122.484,12
840,4.200,415.400,-167.461,23
841,4.100,415.400,-99.720,30
842,6.800,415.400,-76.464,24
843,21.000,415.400,-76.205,50
844,2.200,415.400,-105.204,32
845,184.100,415.400,-88.957,33
846,4.900,415.400,-48.311,11
847,2.300,415.400,-164.470,52
848,2.300,415.400,-128.946,5
849,2.900,415.400,-113.673,3
850,3.700,415.400,-111.729,32
851,7.000,415.400,-121.564,20
852,2.700,415.400,-161.534,15
853,2.600,415.400,-167.680,7
854,8.400,415.400,-179.664,22
855,4.600,415.400,-140.027,8
856,31.300,415.400,-119.975,20
857,6.400,415.400,-179.366,55
858,2.500,415.400,-124.988,4
859,5.500,415.400,-103.618,9
860,83.000,415.400,-112.604,37
861,3.600,415.400,-103.936,46
862,4.300,415.400,-160.677,9
863,3.100,415.400,-150.246,1
864,17.400,415.400,-54.289,5
865,5.900,415.400,-65.270,22
866,6.600,415.400,-160.941,53
867,2.700,415.400,-151.836,25
868,7.200,415.400,-95.484,10
869,6.300,415.400,-74.382,11
870,7.000,415.400,-106.807,18
871,3.500,415.400,-117.248,11
872,5.000,415.400,-154.571,11
873,4.700,415.400,-44.257,1
874,6.500,415.400,-140.295,10
875,8.100,415.400,-111.532,0
876,5.700,415.400,-71.568,30
877,7.400,415.400,-98.802,12
878,6.400,415.400,-39.100,21
879,7.500,415.400,-44.052,0
880,4.200,415.400,-107.586,7
881,2.800,415.400,-109.204,7
882,7.200,415.400,-82.227,35
883,8.000,415.400,-77.882,7
884,8.100,415.400,-91.520,55
885,6.100,415.400,-37.316,52
886,7.500,415.400,-116.848,9
887,6.600,415.400,-120.671,16
888,8.300,415.400,-79.954,29
889,8.300,415.400,-81.339,36
890,4.900,415.400,-64.348,53
891,4.700,415.400,-72.361,34
892,7.300,415.400,-101.773,5
893,3.200,415.400,-94.480,48
894,8.200,415.400,-135.796,7
895,32.900,415.400,-107.530,13
896,6.100,415.400,-121.191,47
897,4.500,415.400,-124.064,12
898,6.900,415.400,-69.702,36
899,2.900,415.400,-112.827,34
900,3.900,415.400,-217.202,43
901,11.000,415.400,-75.848,43
902,8.200,415.400,-42.538,4
903,4.600,415.400,-136.320,30
904,12.900,415.400,-132.995,13
905,62.100,415.400,-89.973,0
906,3.200,415.400,-123.800,54
907,2.900,415.400,-141.693,11
908,30.900,415.400,-113.602,6
909,7.500,415.400,-43.788,27
910,226.500,415.400,-81.505,11
911,4.900,415.400,-93.137,32
912,4.400,415.400,-111.689,38
913,4.200,415.400,-61.470,18
914,3.800,415.400,-118.073,42
915,1.600,415.400,-187.686,49
916,2.700,415.400,-137.221,16
917,7.800,415.400,-101.893,54
918,3.200,415.400,-60.959,42
919,5.200,415.400,-156.116,8
920,6.700,415.400,-211.905,30
921,2.400,415.400,-222.739,3
922,2.300,415.400,-123.191,4
923,2.500,415.400,-170.038,42
924,3.000,415.400,-106.246,19
925,6.500,415.400,-134.723,34
926,5.900,415.400,-101.095,11
927,42.700,415.400,-203.789,17
928,4.600,415.400,-79.359,22
929,3.900,415.400,-98.982,40
930,3.200,415.400,-121.289,27
931,2.900,415.400,-93.959,26
932,4.600,415.400,-141.998,20
933,2.700,415.400,-164.152,23
934,7.000,415.400,-123.530,26
935,6.100,415.400,-128.832,2
936,2.700,415.400,-84.684,0
937,2.400,415.400,-142.852,15
938,153.400,415.400,-125.209,9
939,1.600,415.400,-183.329,44
940,2.400,415.400,-207.057,50
941,7.100,415.400,-120.436,3
942,3.700,415.400,-137.779,16
943,4.400,415.400,-90.062,15
944,3.600,415.400,-138.659,16
945,7.200,415.400,-42.155,21
946,103.200,415.400,-82.025,51
947,107.800,415.400,-34.645,3
948,7.700,415.400,-59.625,11
949,4.400,415.400,-62.793,6
950,4.300,415.400,-88.554,53
951,7.800,415.400,-109.475,34
952,31.300,415.400,-106.936,3
953,7.200,415.400,-83.898,42
954,6.400,415.400,-89.291,41
955,8.600,415.400,-61.323,2
956,3.000,415.400,-99.691,9
957,2.700,415.400,-121.161,49
958,5.500,415.400,-85.727,14
959,7.200,415.400,-41.038,13
960,3.900,415.400,-89.923,28
961,2.500,415.400,-151.405,40
962,2.500,415.400,-98.789,29
963,7.100,415.400,-116.652,15
964,7.600,415.400,-72.564,26
965,7.100,415.400,-179.614,21
966,4.400,415.400,-88.804,20
967,4.300,415.400,-142.329,26
968,8.400,415.400,-105.691,10
969,8.400,415.400,-96.018,5
970,3.300,415.400,-172.034,54
971,9.000,415.400,-173.136,18
972,23.700,415.400,-137.920,7
973,3.500,415.400,-161.905,7
974,6.000,415.400,-172.234,1
975,7.000,415.400,-123.955,26
976,4.300,415.400,-143.880,6
977,2.400,415.400,-182.539,52
978,2.400,415.400,-120.198,31
979,5.200,415.400,-102.252,0
980,53.600,415.400,-78.761,4
981,3.100,415.400,-122.648,47
982,3.000,415.400,-94.839,38
983,83.700,415.400,-131.286,36
984,2.300,415.400,-111.911,36
985,6.800,415.400,-125.713,39
986,3.200,415.400,-94.950,2
987,3.100,415.400,-129.821,47
988,3.200,415.400,-118.043,29
989,3.000,415.400,-176.963,43
990,3.500,415.400,-84.205,31
991,2.500,415.400,-179.620,39
992,1.500,415.400,-140.368,26
993,2.000,415.400,-205.088,19
994,3.400,415.400,-133.313,24
995,3.200,415.400,-144.468,35
996,4.800,415.400,-125.741,36
997,7.600,415.400,-116.570,5
998,42.000,415.400,-137.339,4
999,6.900,415.400,-124.191,51
1000,3.700,415.400,-221.909,27
1001,8.900,415.400,-158.109,42
1002,2.400,415.400,-155.507,12
1003,61.900,415.400,-156.257,25
1004,4.800,415.400,-205.588,34
1005,9.000,415.400,-137.596,28
1006,6.500,415.400,-114.663,28
1007,8.700,415.400,-126.279,5
1008,2.900,415.400,-139.538,12
1009,3.100,415.400,-70.843,18
1010,142.300,415.400,-123.577,5
1011,3.900,415.400,-123.380,54
1012,4.400,415.400,-142.579,35
1013,32.700,415.400,-103.282,10
1014,8.300,415.400,-73.680,1
1015,6.300,415.400,-83.232,52
1016,8.100,415.400,-105.148,26
1017,6.200,415.400,-70.377,4
1018,3.000,415.400,-196.097,8
1019,3.000,415.400,-150.398,37
1020,1.400,415.400,-245.759,6
1021,2.500,415.400,-150.257,44
1022,61.600,415.400,-132.446,7
1023,42.000,415.400,-90.139,9
1024,4.800,415.400,-159.184,37
1025,6.800,415.400,-111.732,25
1026,21.000,415.400,-188.316,28
1027,36.700,415.400,-104.588,29
1028,8.200,415.400,-113.846,11
1029,5.900,415.400,-48.016,13
1030,4.800,415.400,-151.543,23
1031,3.200,415.400,-54.155,53
1032,9.300,415.400,-86.443,19
1033,4.900,415.400,-33.341,16
1034,4.400,415.400,-128.693,21
1035,7.700,415.400,-156.132,54
1036,2.400,415.400,-94.516,35
1037,6.800,415.400,-99.163,6
1038,4.900,415.400,-86.820,40
1039,3.900,415.400,-111.825,32
1040,2.000,415.400,-144.677,43
1041,2.400,415.400,-152.445,28
1042,435.100,435.100,-122.030,29
1043,2.400,435.100,-121.688,21
1044,4.800,435.100,-61.871,21
1045,4.000,435.100,-134.436,44
1046,3.500,435.100,-116.366,45
1047,6.300,435.100,-115.271,7
1048,2.200,435.100,-137.138,3
1049,7.100,435.100,-135.886,48
1050,2.900,435.100,-171.570,31
1051,6.600,435.100,-50.732,18
1052,7.000,435.100,-58.070,17
1053,3.100,435.100,-108.275,47
1054,2.400,435.100,-123.925,22
1055,187.200,435.100,-102.859,23
1056,2.400,435.100,-169.595,33
1057,2.100,435.100,-202.277,48
1058,2.400,435.100,-97.630,6
1059,1.600,435.100,-221.025,22
1060,2.400,435.100,-158.468,40
1061,2.700,435.100,-159.207,37
1062,2.200,435.100,-127.861,27
1063,2.900,435.100,-207.966,6
1064,4.200,435.100,-206.552,5
1065,2.000,435.100,-97.027,33
1066,3.000,435.100,-85.732,8
1067,2.300,435.100,-173.104,23
1068,2.400,435.100,-118.450,39
1069,5.600,435.100,-81.784,3
1070,5.100,435.100,-151.416,21
1071,13.900,435.100,-170.889,6
1072,3.300,435.100,-139.327,40
1073,3.000,435.100,-101.191,17
1074,3.900,435.100,-120.045,42
1075,6.600,435.100,-120.130,21
1076,6.200,435.100,-136.595,52
1077,2.100,435.100,-164.873,32
1078,3.600,435.100,-69.545,28
1079,7.000,435.100,-99.202,16
1080,5.800,435.100,-109.105,12
1081,4.800,435.100,-79.562,4
1082,4.500,435.100,-160.988,31
1083,13.100,435.100,-132.298,4
1084,3.000,435.100,-158.000,24
1085,5.400,435.100,-124.277,0
1086,4.400,435.100,-127.770,7
1087,5.500,435.100,-63.911,40
1088,4.000,435.100,-79.916,48
1089,4.300,435.100,-165.830,34
1090,2.300,435.100,-168.943,43
1091,5.000,435.100,-156.698,30
1092,4.000,435.100,-115.493,26
1093,5.900,435.100,-117.082,35
1094,2.900,435.100,-78.955,49
1095,117.800,435.100,-81.621,44
1096,4.500,435.100,-142.389,17
1097,5.900,435.100,-72.173,2
1098,4.100,435.100,-110.746,14
1099,2.500,435.100,-123.321,2
1100,3.000,435.100,-178.159,48
1101,5.700,435.100,-61.964,40
1102,3.000,435.100,-135.950,26
1103,5.100,435.100,-81.863,4
1104,3.000,435.100,-75.682,12
